{"info":{"_postman_id":"30c88aa3-1836-4ce0-b9ff-576c3b420fce","name":"subproduct/attributes","schema":"https://schema.getpostman.com/json/collection/v2.1.0/collection.json"},"item":[{"name":"New Request","id":"95152795-c8d2-4b41-9262-9e6bd7f9acd2","protocolProfileBehavior":{"disableBodyPruning":true},"request":{"method":"POST","header":[],"body":{"mode":"raw","raw":"{\n        \"attrName\": \"iamgeUrl2\",\n        \"attrValue\": \"https://images.unsplash.com/photo-1578950435899-d1c1bf932ab2?ixlib=rb-4.0.3&ixid=M3wxMjA3fDB8MHxwaG90by1wYWdlfHx8fGVufDB8fHx8fA%3D%3D&auto=format&fit=crop&w=735&q=80\",\n        \"productId\": 4\n}","options":{"raw":{"language":"json"}}},"url":{"raw":"http://localhost:8080/product/subproduct/add","protocol":"http","host":["localhost"],"port":"8080","path":["product","subproduct","add"]}},"response":[]},{"name":"http://localhost:8080/product/subproduct/","id":"7efd563d-ad04-4bd1-a9f4-1804e17b8bf2","protocolProfileBehavior":{"disableBodyPruning":true},"request":{"method":"GET","header":[],"url":{"raw":"http://localhost:8080/product/subproduct/","protocol":"http","host":["localhost"],"port":"8080","path":["product","subproduct",""]}},"response":[]},{"name":"http://localhost:8080/product/subproduct/update/1","id":"826ff818-8edd-4550-8489-41e2301febf0","protocolProfileBehavior":{"disableBodyPruning":true},"request":{"method":"POST","header":[],"body":{"mode":"raw","raw":"{\n        \"attrName\": \"Brand\",\n        \"attrValue\": \"armani\",\n        \"productId\": 1\n    }","options":{"raw":{"language":"json"}}},"url":{"raw":"http://localhost:8080/product/subproduct/update/1","protocol":"http","host":["localhost"],"port":"8080","path":["product","subproduct","update","1"]}},"response":[]},{"name":"http://localhost:8080/product/subproducts/13","id":"8d7abad3-49ae-4d62-a731-e116f40257cd","protocolProfileBehavior":{"disableBodyPruning":true},"request":{"method":"DELETE","header":[],"url":{"raw":"http://localhost:8080/product/subproduct/13","protocol":"http","host":["localhost"],"port":"8080","path":["product","subproduct","13"]}},"response":[]}]}