{"info":{"_postman_id":"6a58681e-807c-4f91-b23a-345a87af861b","name":"searching","schema":"https://schema.getpostman.com/json/collection/v2.1.0/collection.json"},"item":[{"name":"New Request","id":"eeb05233-446a-43f2-a9c5-2ee8427f1007","protocolProfileBehavior":{"disableBodyPruning":true},"request":{"method":"GET","header":[],"url":{"raw":"http://localhost:8080/product/subproduct/search?term=suit","protocol":"http","host":["localhost"],"port":"8080","path":["product","subproduct","search"],"query":[{"key":"term","value":"suit"}]}},"response":[]},{"name":"search2","id":"6e3d78a9-1798-4f17-97ed-1357ebf5527f","protocolProfileBehavior":{"disableBodyPruning":true},"request":{"method":"GET","header":[],"url":{"raw":""}},"response":[]}]}