{"info":{"_postman_id":"9399cf4a-3efb-498b-a559-1bba103c3a1c","name":"category","schema":"https://schema.getpostman.com/json/collection/v2.1.0/collection.json"},"item":[{"name":"category_creation","id":"14bca3b0-dc4c-434b-8686-9d1cea7141cb","protocolProfileBehavior":{"disableBodyPruning":true},"request":{"method":"POST","header":[],"body":{"mode":"raw","raw":"{\n    \"categoryName\":\"Home\",\n    \"description\":\"Appliances & cookware, Home & furniture etc\",\n    \"imageUrl\":\"https://images.unsplash.com/photo-1570222094114-d054a817e56b?ixlib=rb-4.0.3&ixid=M3wxMjA3fDB8MHxwaG90by1wYWdlfHx8fGVufDB8fHx8fA%3D%3D&auto=format&fit=crop&w=905&q=80\"\n\n}","options":{"raw":{"language":"json"}}},"url":{"raw":"http://localhost:8080/category/create","protocol":"http","host":["localhost"],"port":"8080","path":["category","create"]}},"response":[]},{"name":"http://localhost:8080/category/list","id":"cdf52ba9-e2c5-4c8b-9318-68f852a89af2","protocolProfileBehavior":{"disableBodyPruning":true},"request":{"method":"GET","header":[],"url":{"raw":"http://localhost:8080/category/list","protocol":"http","host":["localhost"],"port":"8080","path":["category","list"]}},"response":[]},{"name":"http://localhost:8080/category/update/1","id":"95df6266-0252-4cd2-947d-3db01ef3b797","protocolProfileBehavior":{"disableBodyPruning":true},"request":{"method":"POST","header":[],"body":{"mode":"raw","raw":"{\n    \"categoryName\":\"Electronics\",\n    \"description\":\"smart watch\",\n    \"imageUrl\":\"https://plus.unsplash.com/premium_photo-1681147547346-2d73c90988d8?ixlib=rb-4.0.3&ixid=M3wxMjA3fDB8MHxzZWFyY2h8MXx8c21hcnQlMjB3YXRjaHxlbnwwfHwwfHx8MA%3D%3D&auto=format&fit=crop&w=500&q=60\"\n\n}","options":{"raw":{"language":"json"}}},"url":{"raw":"http://localhost:8080/category/update/1","protocol":"http","host":["localhost"],"port":"8080","path":["category","update","1"]},"description":"updating category"},"response":[]},{"name":"http://localhost:8080/category/","id":"b1be6d51-e88b-4c99-a608-82e7ec917d49","protocolProfileBehavior":{"disableBodyPruning":true},"request":{"method":"DELETE","header":[],"url":{"raw":"http://localhost:8080/category/4","protocol":"http","host":["localhost"],"port":"8080","path":["category","4"]}},"response":[]},{"name":"http://localhost:8080/category/byname/temp","id":"d324da29-540f-46fc-a81f-28e0bb6488ea","protocolProfileBehavior":{"disableBodyPruning":true},"request":{"method":"DELETE","header":[],"url":{"raw":"http://localhost:8080/category/byname/temp","protocol":"http","host":["localhost"],"port":"8080","path":["category","byname","temp"]}},"response":[]}]}