{"info":{"_postman_id":"d6c762d3-03a3-4289-bca9-a44c58ee272e","name":"product/Service","schema":"https://schema.getpostman.com/json/collection/v2.1.0/collection.json"},"item":[{"name":"New Request","id":"a2b016c6-f161-4688-acb8-ee320ef03a17","protocolProfileBehavior":{"disableBodyPruning":true},"request":{"method":"POST","header":[],"body":{"mode":"raw","raw":"{\n    \"categoryId\":5,\n    \"description\":\"for mixing goods \",\n    \"imageURL\":\"https://images.unsplash.com/photo-1583241475880-083f84372725?ixlib=rb-4.0.3&ixid=M3wxMjA3fDB8MHxwaG90by1wYWdlfHx8fGVufDB8fHx8fA%3D%3D&auto=format&fit=crop&w=880&q=80\",\n    \"name\":\"Snapper\",\n    \"price\":3000\n}","options":{"raw":{"language":"json"}}},"url":{"raw":"http://localhost:8080/product/add","protocol":"http","host":["localhost"],"port":"8080","path":["product","add"]}},"response":[]},{"name":"http://localhost:8080/product/","id":"fc824128-f077-4138-ad92-c685cbacfbb4","protocolProfileBehavior":{"disableBodyPruning":true},"request":{"method":"GET","header":[],"url":{"raw":"http://localhost:8080/product/","protocol":"http","host":["localhost"],"port":"8080","path":["product",""]}},"response":[]},{"name":"http://localhost:8080/product/update/1","id":"73ab17fc-864b-47d0-95db-d36359428571","protocolProfileBehavior":{"disableBodyPruning":true},"request":{"method":"POST","header":[],"body":{"mode":"raw","raw":"{\n        \"id\": 1,\n        \"name\": \"suit salwar dollar gill\",\n        \"imageURL\": \"https://images.unsplash.com/photo-1583391733981-8b530b760347?ixlib=rb-4.0.3&ixid=M3wxMjA3fDB8MHxzZWFyY2h8Mnx8c2Fsd2FyJTIwc3VpdHxlbnwwfHwwfHx8MA%3D%3D&auto=format&fit=crop&w=500&q=60\",\n        \"price\": 151.0,\n        \"description\": \"suit salwar\",\n        \"categoryId\": 1\n    }","options":{"raw":{"language":"json"}}},"url":{"raw":"http://localhost:8080/product/update/1","protocol":"http","host":["localhost"],"port":"8080","path":["product","update","1"]}},"response":[]},{"name":"http://localhost:8080/product/","id":"73612adf-f406-47c6-9bd5-3386fa5b24fd","protocolProfileBehavior":{"disableBodyPruning":true},"request":{"method":"DELETE","header":[],"url":{"raw":"http://localhost:8080/product/4","protocol":"http","host":["localhost"],"port":"8080","path":["product","4"]}},"response":[]}]}